date,country,hpi,type,iso_alpha,date_str
2015-01-01,Alemania,97.8,Histórico,DEU,2015Q1
2015-04-01,Alemania,99.9,Histórico,DEU,2015Q2
2015-07-01,Alemania,100.4,Histórico,DEU,2015Q3
2015-10-01,Alemania,101.8,Histórico,DEU,2015Q4
2016-01-01,Alemania,103.9,Histórico,DEU,2016Q1
2016-04-01,Alemania,106.9,Histórico,DEU,2016Q2
2016-07-01,Alemania,108.8,Histórico,DEU,2016Q3
2016-10-01,Alemania,110.4,Histórico,DEU,2016Q4
2017-01-01,Alemania,110.9,Histórico,DEU,2017Q1
2017-04-01,Alemania,113.1,Histórico,DEU,2017Q2
2017-07-01,Alemania,115.0,Histórico,DEU,2017Q3
2017-10-01,Alemania,117.3,Histórico,DEU,2017Q4
2018-01-01,Alemania,118.3,Histórico,DEU,2018Q1
2018-04-01,Alemania,120.6,Histórico,DEU,2018Q2
2018-07-01,Alemania,123.1,Histórico,DEU,2018Q3
2018-10-01,Alemania,124.6,Histórico,DEU,2018Q4
2019-01-01,Alemania,124.6,Histórico,DEU,2019Q1
2019-04-01,Alemania,127.8,Histórico,DEU,2019Q2
2019-07-01,Alemania,129.6,Histórico,DEU,2019Q3
2019-10-01,Alemania,132.7,Histórico,DEU,2019Q4
2020-01-01,Alemania,133.8,Histórico,DEU,2020Q1
2020-04-01,Alemania,136.2,Histórico,DEU,2020Q2
2020-07-01,Alemania,140.3,Histórico,DEU,2020Q3
2020-10-01,Alemania,144.3,Histórico,DEU,2020Q4
2021-01-01,Alemania,146.3,Histórico,DEU,2021Q1
2021-04-01,Alemania,151.8,Histórico,DEU,2021Q2
2021-07-01,Alemania,158.2,Histórico,DEU,2021Q3
2021-10-01,Alemania,162.5,Histórico,DEU,2021Q4
2022-01-01,Alemania,164.1,Histórico,DEU,2022Q1
2022-04-01,Alemania,167.4,Histórico,DEU,2022Q2
2022-07-01,Alemania,166.3,Histórico,DEU,2022Q3
2022-10-01,Alemania,158.5,Histórico,DEU,2022Q4
2023-01-01,Alemania,153.7,Histórico,DEU,2023Q1
2023-04-01,Alemania,151.6,Histórico,DEU,2023Q2
2023-07-01,Alemania,149.3,Histórico,DEU,2023Q3
2023-10-01,Alemania,146.4,Histórico,DEU,2023Q4
2024-01-01,Alemania,145.8,Histórico,DEU,2024Q1
2024-04-01,Alemania,147.8,Histórico,DEU,2024Q2
2024-07-01,Alemania,149.0,Histórico,DEU,2024Q3
2024-10-01,Alemania,149.2,Histórico,DEU,2024Q4
2025-01-01,Alemania,150.9,Histórico,DEU,2025Q1
2025-04-01,Alemania,152.4,Histórico,DEU,2025Q2
2025-07-01,Alemania,153.6,Histórico,DEU,2025Q3
2015-01-01,Austria,98.19,Histórico,AUT,2015Q1
2015-04-01,Austria,99.97,Histórico,AUT,2015Q2
2015-07-01,Austria,101.23,Histórico,AUT,2015Q3
2015-10-01,Austria,100.61,Histórico,AUT,2015Q4
2016-01-01,Austria,104.04,Histórico,AUT,2016Q1
2016-04-01,Austria,106.7,Histórico,AUT,2016Q2
2016-07-01,Austria,108.08,Histórico,AUT,2016Q3
2016-10-01,Austria,108.0,Histórico,AUT,2016Q4
2017-01-01,Austria,109.76,Histórico,AUT,2017Q1
2017-04-01,Austria,112.46,Histórico,AUT,2017Q2
2017-07-01,Austria,113.67,Histórico,AUT,2017Q3
2017-10-01,Austria,112.65,Histórico,AUT,2017Q4
2018-01-01,Austria,115.13,Histórico,AUT,2018Q1
2018-04-01,Austria,118.94,Histórico,AUT,2018Q2
2018-07-01,Austria,120.1,Histórico,AUT,2018Q3
2018-10-01,Austria,121.15,Histórico,AUT,2018Q4
2019-01-01,Austria,121.53,Histórico,AUT,2019Q1
2019-04-01,Austria,125.79,Histórico,AUT,2019Q2
2019-07-01,Austria,127.81,Histórico,AUT,2019Q3
2019-10-01,Austria,128.74,Histórico,AUT,2019Q4
2020-01-01,Austria,131.26,Histórico,AUT,2020Q1
2020-04-01,Austria,134.09,Histórico,AUT,2020Q2
2020-07-01,Austria,138.0,Histórico,AUT,2020Q3
2020-10-01,Austria,138.71,Histórico,AUT,2020Q4
2021-01-01,Austria,144.08,Histórico,AUT,2021Q1
2021-04-01,Austria,149.12,Histórico,AUT,2021Q2
2021-07-01,Austria,153.52,Histórico,AUT,2021Q3
2021-10-01,Austria,157.34,Histórico,AUT,2021Q4
2022-01-01,Austria,164.63,Histórico,AUT,2022Q1
2022-04-01,Austria,169.43,Histórico,AUT,2022Q2
2022-07-01,Austria,173.59,Histórico,AUT,2022Q3
2022-10-01,Austria,166.32,Histórico,AUT,2022Q4
2023-01-01,Austria,164.35,Histórico,AUT,2023Q1
2023-04-01,Austria,164.68,Histórico,AUT,2023Q2
2023-07-01,Austria,164.29,Histórico,AUT,2023Q3
2023-10-01,Austria,161.4,Histórico,AUT,2023Q4
2024-01-01,Austria,159.54,Histórico,AUT,2024Q1
2024-04-01,Austria,164.34,Histórico,AUT,2024Q2
2024-07-01,Austria,165.13,Histórico,AUT,2024Q3
2024-10-01,Austria,163.23,Histórico,AUT,2024Q4
2025-01-01,Austria,165.17,Histórico,AUT,2025Q1
2025-04-01,Austria,166.95,Histórico,AUT,2025Q2
2025-07-01,Austria,167.87,Histórico,AUT,2025Q3
2015-01-01,Bulgaria,98.85,Histórico,BGR,2015Q1
2015-04-01,Bulgaria,99.71,Histórico,BGR,2015Q2
2015-07-01,Bulgaria,99.21,Histórico,BGR,2015Q3
2015-10-01,Bulgaria,102.23,Histórico,BGR,2015Q4
2016-01-01,Bulgaria,103.38,Histórico,BGR,2016Q1
2016-04-01,Bulgaria,106.24,Histórico,BGR,2016Q2
2016-07-01,Bulgaria,107.94,Histórico,BGR,2016Q3
2016-10-01,Bulgaria,110.52,Histórico,BGR,2016Q4
2017-01-01,Bulgaria,112.66,Histórico,BGR,2017Q1
2017-04-01,Bulgaria,115.37,Histórico,BGR,2017Q2
2017-07-01,Bulgaria,117.62,Histórico,BGR,2017Q3
2017-10-01,Bulgaria,119.53,Histórico,BGR,2017Q4
2018-01-01,Bulgaria,120.65,Histórico,BGR,2018Q1
2018-04-01,Bulgaria,124.03,Histórico,BGR,2018Q2
2018-07-01,Bulgaria,124.99,Histórico,BGR,2018Q3
2018-10-01,Bulgaria,126.15,Histórico,BGR,2018Q4
2019-01-01,Bulgaria,129.45,Histórico,BGR,2019Q1
2019-04-01,Bulgaria,130.26,Histórico,BGR,2019Q2
2019-07-01,Bulgaria,131.97,Histórico,BGR,2019Q3
2019-10-01,Bulgaria,133.99,Histórico,BGR,2019Q4
2020-01-01,Bulgaria,135.54,Histórico,BGR,2020Q1
2020-04-01,Bulgaria,134.07,Histórico,BGR,2020Q2
2020-07-01,Bulgaria,138.81,Histórico,BGR,2020Q3
2020-10-01,Bulgaria,141.23,Histórico,BGR,2020Q4
2021-01-01,Bulgaria,145.72,Histórico,BGR,2021Q1
2021-04-01,Bulgaria,146.23,Histórico,BGR,2021Q2
2021-07-01,Bulgaria,150.9,Histórico,BGR,2021Q3
2021-10-01,Bulgaria,154.48,Histórico,BGR,2021Q4
2022-01-01,Bulgaria,162.52,Histórico,BGR,2022Q1
2022-04-01,Bulgaria,167.58,Histórico,BGR,2022Q2
2022-07-01,Bulgaria,174.43,Histórico,BGR,2022Q3
2022-10-01,Bulgaria,175.14,Histórico,BGR,2022Q4
2023-01-01,Bulgaria,177.93,Histórico,BGR,2023Q1
2023-04-01,Bulgaria,185.5,Histórico,BGR,2023Q2
2023-07-01,Bulgaria,190.48,Histórico,BGR,2023Q3
2023-10-01,Bulgaria,192.78,Histórico,BGR,2023Q4
2024-01-01,Bulgaria,206.42,Histórico,BGR,2024Q1
2024-04-01,Bulgaria,213.53,Histórico,BGR,2024Q2
2024-07-01,Bulgaria,221.91,Histórico,BGR,2024Q3
2024-10-01,Bulgaria,228.0,Histórico,BGR,2024Q4
2025-01-01,Bulgaria,237.55,Histórico,BGR,2025Q1
2025-04-01,Bulgaria,246.65,Histórico,BGR,2025Q2
2025-07-01,Bulgaria,256.01,Histórico,BGR,2025Q3
2015-01-01,Bélgica,97.94,Histórico,BEL,2015Q1
2015-04-01,Bélgica,99.13,Histórico,BEL,2015Q2
2015-07-01,Bélgica,101.49,Histórico,BEL,2015Q3
2015-10-01,Bélgica,101.43,Histórico,BEL,2015Q4
2016-01-01,Bélgica,100.37,Histórico,BEL,2016Q1
2016-04-01,Bélgica,101.42,Histórico,BEL,2016Q2
2016-07-01,Bélgica,103.63,Histórico,BEL,2016Q3
2016-10-01,Bélgica,103.9,Histórico,BEL,2016Q4
2017-01-01,Bélgica,104.36,Histórico,BEL,2017Q1
2017-04-01,Bélgica,104.48,Histórico,BEL,2017Q2
2017-07-01,Bélgica,107.81,Histórico,BEL,2017Q3
2017-10-01,Bélgica,107.14,Histórico,BEL,2017Q4
2018-01-01,Bélgica,107.37,Histórico,BEL,2018Q1
2018-04-01,Bélgica,108.51,Histórico,BEL,2018Q2
2018-07-01,Bélgica,110.64,Histórico,BEL,2018Q3
2018-10-01,Bélgica,110.06,Histórico,BEL,2018Q4
2019-01-01,Bélgica,111.0,Histórico,BEL,2019Q1
2019-04-01,Bélgica,111.84,Histórico,BEL,2019Q2
2019-07-01,Bélgica,115.37,Histórico,BEL,2019Q3
2019-10-01,Bélgica,114.72,Histórico,BEL,2019Q4
2020-01-01,Bélgica,115.24,Histórico,BEL,2020Q1
2020-04-01,Bélgica,116.61,Histórico,BEL,2020Q2
2020-07-01,Bélgica,119.05,Histórico,BEL,2020Q3
2020-10-01,Bélgica,121.45,Histórico,BEL,2020Q4
2021-01-01,Bélgica,122.41,Histórico,BEL,2021Q1
2021-04-01,Bélgica,124.78,Histórico,BEL,2021Q2
2021-07-01,Bélgica,128.04,Histórico,BEL,2021Q3
2021-10-01,Bélgica,128.62,Histórico,BEL,2021Q4
2022-01-01,Bélgica,130.02,Histórico,BEL,2022Q1
2022-04-01,Bélgica,132.18,Histórico,BEL,2022Q2
2022-07-01,Bélgica,134.96,Histórico,BEL,2022Q3
2022-10-01,Bélgica,134.55,Histórico,BEL,2022Q4
2023-01-01,Bélgica,135.04,Histórico,BEL,2023Q1
2023-04-01,Bélgica,134.55,Histórico,BEL,2023Q2
2023-07-01,Bélgica,136.31,Histórico,BEL,2023Q3
2023-10-01,Bélgica,138.28,Histórico,BEL,2023Q4
2024-01-01,Bélgica,139.36,Histórico,BEL,2024Q1
2024-04-01,Bélgica,138.96,Histórico,BEL,2024Q2
2024-07-01,Bélgica,141.16,Histórico,BEL,2024Q3
2024-10-01,Bélgica,142.18,Histórico,BEL,2024Q4
2025-01-01,Bélgica,143.08,Histórico,BEL,2025Q1
2025-04-01,Bélgica,142.94,Histórico,BEL,2025Q2
2025-07-01,Bélgica,146.32,Histórico,BEL,2025Q3
2015-01-01,Chequia,98.3,Histórico,CZE,2015Q1
2015-04-01,Chequia,99.4,Histórico,CZE,2015Q2
2015-07-01,Chequia,100.6,Histórico,CZE,2015Q3
2015-10-01,Chequia,101.7,Histórico,CZE,2015Q4
2016-01-01,Chequia,103.0,Histórico,CZE,2016Q1
2016-04-01,Chequia,105.1,Histórico,CZE,2016Q2
2016-07-01,Chequia,107.7,Histórico,CZE,2016Q3
2016-10-01,Chequia,112.8,Histórico,CZE,2016Q4
2017-01-01,Chequia,116.2,Histórico,CZE,2017Q1
2017-04-01,Chequia,119.1,Histórico,CZE,2017Q2
2017-07-01,Chequia,121.2,Histórico,CZE,2017Q3
2017-10-01,Chequia,122.3,Histórico,CZE,2017Q4
2018-01-01,Chequia,125.0,Histórico,CZE,2018Q1
2018-04-01,Chequia,128.7,Histórico,CZE,2018Q2
2018-07-01,Chequia,131.9,Histórico,CZE,2018Q3
2018-10-01,Chequia,134.4,Histórico,CZE,2018Q4
2019-01-01,Chequia,137.2,Histórico,CZE,2019Q1
2019-04-01,Chequia,140.6,Histórico,CZE,2019Q2
2019-07-01,Chequia,143.4,Histórico,CZE,2019Q3
2019-10-01,Chequia,146.4,Histórico,CZE,2019Q4
2020-01-01,Chequia,149.0,Histórico,CZE,2020Q1
2020-04-01,Chequia,151.5,Histórico,CZE,2020Q2
2020-07-01,Chequia,155.4,Histórico,CZE,2020Q3
2020-10-01,Chequia,159.5,Histórico,CZE,2020Q4
2021-01-01,Chequia,168.9,Histórico,CZE,2021Q1
2021-04-01,Chequia,177.6,Histórico,CZE,2021Q2
2021-07-01,Chequia,189.8,Histórico,CZE,2021Q3
2021-10-01,Chequia,200.6,Histórico,CZE,2021Q4
2022-01-01,Chequia,210.0,Histórico,CZE,2022Q1
2022-04-01,Chequia,217.2,Histórico,CZE,2022Q2
2022-07-01,Chequia,219.4,Histórico,CZE,2022Q3
2022-10-01,Chequia,214.5,Histórico,CZE,2022Q4
2023-01-01,Chequia,211.8,Histórico,CZE,2023Q1
2023-04-01,Chequia,211.0,Histórico,CZE,2023Q2
2023-07-01,Chequia,211.7,Histórico,CZE,2023Q3
2023-10-01,Chequia,212.3,Histórico,CZE,2023Q4
2024-01-01,Chequia,214.3,Histórico,CZE,2024Q1
2024-04-01,Chequia,219.9,Histórico,CZE,2024Q2
2024-07-01,Chequia,224.7,Histórico,CZE,2024Q3
2024-10-01,Chequia,230.2,Histórico,CZE,2024Q4
2025-01-01,Chequia,235.6,Histórico,CZE,2025Q1
2025-04-01,Chequia,243.0,Histórico,CZE,2025Q2
2025-07-01,Chequia,249.0,Histórico,CZE,2025Q3
2015-01-01,Chipre,97.52,Histórico,CYP,2015Q1
2015-04-01,Chipre,100.59,Histórico,CYP,2015Q2
2015-07-01,Chipre,102.49,Histórico,CYP,2015Q3
2015-10-01,Chipre,99.4,Histórico,CYP,2015Q4
2016-01-01,Chipre,96.27,Histórico,CYP,2016Q1
2016-04-01,Chipre,96.59,Histórico,CYP,2016Q2
2016-07-01,Chipre,101.84,Histórico,CYP,2016Q3
2016-10-01,Chipre,104.59,Histórico,CYP,2016Q4
2017-01-01,Chipre,100.02,Histórico,CYP,2017Q1
2017-04-01,Chipre,106.32,Histórico,CYP,2017Q2
2017-07-01,Chipre,106.5,Histórico,CYP,2017Q3
2017-10-01,Chipre,105.08,Histórico,CYP,2017Q4
2018-01-01,Chipre,102.43,Histórico,CYP,2018Q1
2018-04-01,Chipre,100.34,Histórico,CYP,2018Q2
2018-07-01,Chipre,105.05,Histórico,CYP,2018Q3
2018-10-01,Chipre,104.51,Histórico,CYP,2018Q4
2019-01-01,Chipre,110.15,Histórico,CYP,2019Q1
2019-04-01,Chipre,115.86,Histórico,CYP,2019Q2
2019-07-01,Chipre,110.85,Histórico,CYP,2019Q3
2019-10-01,Chipre,109.95,Histórico,CYP,2019Q4
2020-01-01,Chipre,115.55,Histórico,CYP,2020Q1
2020-04-01,Chipre,118.83,Histórico,CYP,2020Q2
2020-07-01,Chipre,115.51,Histórico,CYP,2020Q3
2020-10-01,Chipre,120.06,Histórico,CYP,2020Q4
2021-01-01,Chipre,110.02,Histórico,CYP,2021Q1
2021-04-01,Chipre,116.01,Histórico,CYP,2021Q2
2021-07-01,Chipre,120.59,Histórico,CYP,2021Q3
2021-10-01,Chipre,116.19,Histórico,CYP,2021Q4
2022-01-01,Chipre,117.59,Histórico,CYP,2022Q1
2022-04-01,Chipre,120.21,Histórico,CYP,2022Q2
2022-07-01,Chipre,130.94,Histórico,CYP,2022Q3
2022-10-01,Chipre,124.14,Histórico,CYP,2022Q4
2023-01-01,Chipre,131.69,Histórico,CYP,2023Q1
2023-04-01,Chipre,132.2,Histórico,CYP,2023Q2
2023-07-01,Chipre,136.52,Histórico,CYP,2023Q3
2023-10-01,Chipre,137.98,Histórico,CYP,2023Q4
2024-01-01,Chipre,143.52,Histórico,CYP,2024Q1
2024-04-01,Chipre,143.34,Histórico,CYP,2024Q2
2024-07-01,Chipre,146.76,Histórico,CYP,2024Q3
2024-10-01,Chipre,144.2,Histórico,CYP,2024Q4
2025-01-01,Chipre,150.25,Histórico,CYP,2025Q1
2025-04-01,Chipre,147.48,Histórico,CYP,2025Q2
2025-07-01,Chipre,152.93,Histórico,CYP,2025Q3
2015-01-01,Croacia,101.05,Histórico,HRV,2015Q1
2015-04-01,Croacia,99.13,Histórico,HRV,2015Q2
2015-07-01,Croacia,99.86,Histórico,HRV,2015Q3
2015-10-01,Croacia,99.96,Histórico,HRV,2015Q4
2016-01-01,Croacia,101.21,Histórico,HRV,2016Q1
2016-04-01,Croacia,100.28,Histórico,HRV,2016Q2
2016-07-01,Croacia,101.31,Histórico,HRV,2016Q3
2016-10-01,Croacia,100.75,Histórico,HRV,2016Q4
2017-01-01,Croacia,100.85,Histórico,HRV,2017Q1
2017-04-01,Croacia,104.55,Histórico,HRV,2017Q2
2017-07-01,Croacia,105.13,Histórico,HRV,2017Q3
2017-10-01,Croacia,108.45,Histórico,HRV,2017Q4
2018-01-01,Croacia,109.44,Histórico,HRV,2018Q1
2018-04-01,Croacia,109.26,Histórico,HRV,2018Q2
2018-07-01,Croacia,112.32,Histórico,HRV,2018Q3
2018-10-01,Croacia,113.54,Histórico,HRV,2018Q4
2019-01-01,Croacia,117.55,Histórico,HRV,2019Q1
2019-04-01,Croacia,120.6,Histórico,HRV,2019Q2
2019-07-01,Croacia,121.36,Histórico,HRV,2019Q3
2019-10-01,Croacia,124.9,Histórico,HRV,2019Q4
2020-01-01,Croacia,128.25,Histórico,HRV,2020Q1
2020-04-01,Croacia,130.57,Histórico,HRV,2020Q2
2020-07-01,Croacia,129.75,Histórico,HRV,2020Q3
2020-10-01,Croacia,132.95,Histórico,HRV,2020Q4
2021-01-01,Croacia,134.19,Histórico,HRV,2021Q1
2021-04-01,Croacia,139.03,Histórico,HRV,2021Q2
2021-07-01,Croacia,141.44,Histórico,HRV,2021Q3
2021-10-01,Croacia,144.99,Histórico,HRV,2021Q4
2022-01-01,Croacia,152.25,Histórico,HRV,2022Q1
2022-04-01,Croacia,157.94,Histórico,HRV,2022Q2
2022-07-01,Croacia,162.44,Histórico,HRV,2022Q3
2022-10-01,Croacia,170.11,Histórico,HRV,2022Q4
2023-01-01,Croacia,173.56,Histórico,HRV,2023Q1
2023-04-01,Croacia,179.63,Histórico,HRV,2023Q2
2023-07-01,Croacia,180.09,Histórico,HRV,2023Q3
2023-10-01,Croacia,186.24,Histórico,HRV,2023Q4
2024-01-01,Croacia,189.41,Histórico,HRV,2024Q1
2024-04-01,Croacia,197.53,Histórico,HRV,2024Q2
2024-07-01,Croacia,202.19,Histórico,HRV,2024Q3
2024-10-01,Croacia,205.01,Histórico,HRV,2024Q4
2025-01-01,Croacia,214.18,Histórico,HRV,2025Q1
2025-04-01,Croacia,223.65,Histórico,HRV,2025Q2
2025-07-01,Croacia,230.07,Histórico,HRV,2025Q3
2015-01-01,Dinamarca,94.51,Histórico,DNK,2015Q1
2015-04-01,Dinamarca,100.15,Histórico,DNK,2015Q2
2015-07-01,Dinamarca,102.58,Histórico,DNK,2015Q3
2015-10-01,Dinamarca,102.75,Histórico,DNK,2015Q4
2016-01-01,Dinamarca,99.31,Histórico,DNK,2016Q1
2016-04-01,Dinamarca,104.23,Histórico,DNK,2016Q2
2016-07-01,Dinamarca,107.66,Histórico,DNK,2016Q3
2016-10-01,Dinamarca,107.07,Histórico,DNK,2016Q4
2017-01-01,Dinamarca,105.3,Histórico,DNK,2017Q1
2017-04-01,Dinamarca,109.77,Histórico,DNK,2017Q2
2017-07-01,Dinamarca,112.32,Histórico,DNK,2017Q3
2017-10-01,Dinamarca,111.61,Histórico,DNK,2017Q4
2018-01-01,Dinamarca,111.6,Histórico,DNK,2018Q1
2018-04-01,Dinamarca,115.88,Histórico,DNK,2018Q2
2018-07-01,Dinamarca,116.13,Histórico,DNK,2018Q3
2018-10-01,Dinamarca,114.74,Histórico,DNK,2018Q4
2019-01-01,Dinamarca,114.86,Histórico,DNK,2019Q1
2019-04-01,Dinamarca,117.45,Histórico,DNK,2019Q2
2019-07-01,Dinamarca,118.72,Histórico,DNK,2019Q3
2019-10-01,Dinamarca,117.5,Histórico,DNK,2019Q4
2020-01-01,Dinamarca,118.28,Histórico,DNK,2020Q1
2020-04-01,Dinamarca,120.79,Histórico,DNK,2020Q2
2020-07-01,Dinamarca,123.65,Histórico,DNK,2020Q3
2020-10-01,Dinamarca,125.98,Histórico,DNK,2020Q4
2021-01-01,Dinamarca,129.02,Histórico,DNK,2021Q1
2021-04-01,Dinamarca,136.23,Histórico,DNK,2021Q2
2021-07-01,Dinamarca,139.81,Histórico,DNK,2021Q3
2021-10-01,Dinamarca,140.05,Histórico,DNK,2021Q4
2022-01-01,Dinamarca,141.45,Histórico,DNK,2022Q1
2022-04-01,Dinamarca,143.96,Histórico,DNK,2022Q2
2022-07-01,Dinamarca,144.39,Histórico,DNK,2022Q3
2022-10-01,Dinamarca,140.99,Histórico,DNK,2022Q4
2023-01-01,Dinamarca,135.13,Histórico,DNK,2023Q1
2023-04-01,Dinamarca,135.67,Histórico,DNK,2023Q2
2023-07-01,Dinamarca,138.07,Histórico,DNK,2023Q3
2023-10-01,Dinamarca,140.26,Histórico,DNK,2023Q4
2024-01-01,Dinamarca,136.66,Histórico,DNK,2024Q1
2024-04-01,Dinamarca,140.94,Histórico,DNK,2024Q2
2024-07-01,Dinamarca,145.27,Histórico,DNK,2024Q3
2024-10-01,Dinamarca,145.57,Histórico,DNK,2024Q4
2025-01-01,Dinamarca,148.72,Histórico,DNK,2025Q1
2025-04-01,Dinamarca,151.26,Histórico,DNK,2025Q2
2025-07-01,Dinamarca,154.48,Histórico,DNK,2025Q3
2015-01-01,Eslovaquia,98.26,Histórico,SVK,2015Q1
2015-04-01,Eslovaquia,100.16,Histórico,SVK,2015Q2
2015-07-01,Eslovaquia,100.23,Histórico,SVK,2015Q3
2015-10-01,Eslovaquia,101.34,Histórico,SVK,2015Q4
2016-01-01,Eslovaquia,103.15,Histórico,SVK,2016Q1
2016-04-01,Eslovaquia,106.06,Histórico,SVK,2016Q2
2016-07-01,Eslovaquia,107.73,Histórico,SVK,2016Q3
2016-10-01,Eslovaquia,109.72,Histórico,SVK,2016Q4
2017-01-01,Eslovaquia,106.88,Histórico,SVK,2017Q1
2017-04-01,Eslovaquia,113.01,Histórico,SVK,2017Q2
2017-07-01,Eslovaquia,115.6,Histórico,SVK,2017Q3
2017-10-01,Eslovaquia,116.16,Histórico,SVK,2017Q4
2018-01-01,Eslovaquia,119.56,Histórico,SVK,2018Q1
2018-04-01,Eslovaquia,120.98,Histórico,SVK,2018Q2
2018-07-01,Eslovaquia,120.68,Histórico,SVK,2018Q3
2018-10-01,Eslovaquia,124.06,Histórico,SVK,2018Q4
2019-01-01,Eslovaquia,126.39,Histórico,SVK,2019Q1
2019-04-01,Eslovaquia,131.03,Histórico,SVK,2019Q2
2019-07-01,Eslovaquia,134.6,Histórico,SVK,2019Q3
2019-10-01,Eslovaquia,137.58,Histórico,SVK,2019Q4
2020-01-01,Eslovaquia,142.98,Histórico,SVK,2020Q1
2020-04-01,Eslovaquia,143.75,Histórico,SVK,2020Q2
2020-07-01,Eslovaquia,145.89,Histórico,SVK,2020Q3
2020-10-01,Eslovaquia,147.47,Histórico,SVK,2020Q4
2021-01-01,Eslovaquia,145.74,Histórico,SVK,2021Q1
2021-04-01,Eslovaquia,150.53,Histórico,SVK,2021Q2
2021-07-01,Eslovaquia,157.59,Histórico,SVK,2021Q3
2021-10-01,Eslovaquia,163.21,Histórico,SVK,2021Q4
2022-01-01,Eslovaquia,166.42,Histórico,SVK,2022Q1
2022-04-01,Eslovaquia,175.57,Histórico,SVK,2022Q2
2022-07-01,Eslovaquia,180.57,Histórico,SVK,2022Q3
2022-10-01,Eslovaquia,179.07,Histórico,SVK,2022Q4
2023-01-01,Eslovaquia,178.82,Histórico,SVK,2023Q1
2023-04-01,Eslovaquia,171.75,Histórico,SVK,2023Q2
2023-07-01,Eslovaquia,173.2,Histórico,SVK,2023Q3
2023-10-01,Eslovaquia,176.56,Histórico,SVK,2023Q4
2024-01-01,Eslovaquia,173.51,Histórico,SVK,2024Q1
2024-04-01,Eslovaquia,178.7,Histórico,SVK,2024Q2
2024-07-01,Eslovaquia,183.88,Histórico,SVK,2024Q3
2024-10-01,Eslovaquia,190.58,Histórico,SVK,2024Q4
2025-01-01,Eslovaquia,194.6,Histórico,SVK,2025Q1
2025-04-01,Eslovaquia,198.85,Histórico,SVK,2025Q2
2025-07-01,Eslovaquia,208.52,Histórico,SVK,2025Q3
2015-01-01,Eslovenia,100.11,Histórico,SVN,2015Q1
2015-04-01,Eslovenia,102.38,Histórico,SVN,2015Q2
2015-07-01,Eslovenia,98.77,Histórico,SVN,2015Q3
2015-10-01,Eslovenia,98.74,Histórico,SVN,2015Q4
2016-01-01,Eslovenia,100.94,Histórico,SVN,2016Q1
2016-04-01,Eslovenia,102.84,Histórico,SVN,2016Q2
2016-07-01,Eslovenia,103.69,Histórico,SVN,2016Q3
2016-10-01,Eslovenia,105.54,Histórico,SVN,2016Q4
2017-01-01,Eslovenia,107.68,Histórico,SVN,2017Q1
2017-04-01,Eslovenia,111.33,Histórico,SVN,2017Q2
2017-07-01,Eslovenia,112.17,Histórico,SVN,2017Q3
2017-10-01,Eslovenia,115.96,Histórico,SVN,2017Q4
2018-01-01,Eslovenia,118.04,Histórico,SVN,2018Q1
2018-04-01,Eslovenia,119.93,Histórico,SVN,2018Q2
2018-07-01,Eslovenia,122.67,Histórico,SVN,2018Q3
2018-10-01,Eslovenia,125.55,Histórico,SVN,2018Q4
2019-01-01,Eslovenia,126.98,Histórico,SVN,2019Q1
2019-04-01,Eslovenia,128.83,Histórico,SVN,2019Q2
2019-07-01,Eslovenia,131.33,Histórico,SVN,2019Q3
2019-10-01,Eslovenia,131.62,Histórico,SVN,2019Q4
2020-01-01,Eslovenia,132.99,Histórico,SVN,2020Q1
2020-04-01,Eslovenia,135.56,Histórico,SVN,2020Q2
2020-07-01,Eslovenia,135.65,Histórico,SVN,2020Q3
2020-10-01,Eslovenia,138.43,Histórico,SVN,2020Q4
2021-01-01,Eslovenia,142.65,Histórico,SVN,2021Q1
2021-04-01,Eslovenia,149.21,Histórico,SVN,2021Q2
2021-07-01,Eslovenia,153.15,Histórico,SVN,2021Q3
2021-10-01,Eslovenia,160.26,Histórico,SVN,2021Q4
2022-01-01,Eslovenia,166.93,Histórico,SVN,2022Q1
2022-04-01,Eslovenia,172.43,Histórico,SVN,2022Q2
2022-07-01,Eslovenia,176.4,Histórico,SVN,2022Q3
2022-10-01,Eslovenia,178.83,Histórico,SVN,2022Q4
2023-01-01,Eslovenia,181.96,Histórico,SVN,2023Q1
2023-04-01,Eslovenia,185.39,Histórico,SVN,2023Q2
2023-07-01,Eslovenia,186.33,Histórico,SVN,2023Q3
2023-10-01,Eslovenia,191.19,Histórico,SVN,2023Q4
2024-01-01,Eslovenia,195.44,Histórico,SVN,2024Q1
2024-04-01,Eslovenia,198.33,Histórico,SVN,2024Q2
2024-07-01,Eslovenia,201.54,Histórico,SVN,2024Q3
2024-10-01,Eslovenia,205.71,Histórico,SVN,2024Q4
2025-01-01,Eslovenia,201.66,Histórico,SVN,2025Q1
2025-04-01,Eslovenia,209.31,Histórico,SVN,2025Q2
2025-07-01,Eslovenia,207.03,Histórico,SVN,2025Q3
2015-01-01,España,96.67,Histórico,ESP,2015Q1
2015-04-01,España,100.67,Histórico,ESP,2015Q2
2015-07-01,España,101.34,Histórico,ESP,2015Q3
2015-10-01,España,101.31,Histórico,ESP,2015Q4
2016-01-01,España,102.74,Histórico,ESP,2016Q1
2016-04-01,España,104.55,Histórico,ESP,2016Q2
2016-07-01,España,105.41,Histórico,ESP,2016Q3
2016-10-01,España,105.78,Histórico,ESP,2016Q4
2017-01-01,España,108.2,Histórico,ESP,2017Q1
2017-04-01,España,110.39,Histórico,ESP,2017Q2
2017-07-01,España,112.43,Histórico,ESP,2017Q3
2017-10-01,España,113.39,Histórico,ESP,2017Q4
2018-01-01,España,114.96,Histórico,ESP,2018Q1
2018-04-01,España,117.9,Histórico,ESP,2018Q2
2018-07-01,España,120.48,Histórico,ESP,2018Q3
2018-10-01,España,120.97,Histórico,ESP,2018Q4
2019-01-01,España,122.88,Histórico,ESP,2019Q1
2019-04-01,España,124.27,Histórico,ESP,2019Q2
2019-07-01,España,126.26,Histórico,ESP,2019Q3
2019-10-01,España,125.44,Histórico,ESP,2019Q4
2020-01-01,España,126.92,Histórico,ESP,2020Q1
2020-04-01,España,126.98,Histórico,ESP,2020Q2
2020-07-01,España,128.56,Histórico,ESP,2020Q3
2020-10-01,España,127.55,Histórico,ESP,2020Q4
2021-01-01,España,128.12,Histórico,ESP,2021Q1
2021-04-01,España,131.15,Histórico,ESP,2021Q2
2021-07-01,España,133.92,Histórico,ESP,2021Q3
2021-10-01,España,135.58,Histórico,ESP,2021Q4
2022-01-01,España,139.05,Histórico,ESP,2022Q1
2022-04-01,España,141.71,Histórico,ESP,2022Q2
2022-07-01,España,144.15,Histórico,ESP,2022Q3
2022-10-01,España,142.99,Histórico,ESP,2022Q4
2023-01-01,España,143.98,Histórico,ESP,2023Q1
2023-04-01,España,146.97,Histórico,ESP,2023Q2
2023-07-01,España,150.68,Histórico,ESP,2023Q3
2023-10-01,España,149.13,Histórico,ESP,2023Q4
2024-01-01,España,153.18,Histórico,ESP,2024Q1
2024-04-01,España,158.63,Histórico,ESP,2024Q2
2024-07-01,España,163.12,Histórico,ESP,2024Q3
2024-10-01,España,166.07,Histórico,ESP,2024Q4
2025-01-01,España,172.0,Histórico,ESP,2025Q1
2025-04-01,España,178.89,Histórico,ESP,2025Q2
2025-07-01,España,184.06,Histórico,ESP,2025Q3
2015-01-01,Estonia,98.31,Histórico,EST,2015Q1
2015-04-01,Estonia,101.6,Histórico,EST,2015Q2
2015-07-01,Estonia,99.63,Histórico,EST,2015Q3
2015-10-01,Estonia,100.46,Histórico,EST,2015Q4
2016-01-01,Estonia,100.32,Histórico,EST,2016Q1
2016-04-01,Estonia,103.47,Histórico,EST,2016Q2
2016-07-01,Estonia,106.98,Histórico,EST,2016Q3
2016-10-01,Estonia,108.21,Histórico,EST,2016Q4
2017-01-01,Estonia,108.08,Histórico,EST,2017Q1
2017-04-01,Estonia,108.42,Histórico,EST,2017Q2
2017-07-01,Estonia,112.06,Histórico,EST,2017Q3
2017-10-01,Estonia,113.49,Histórico,EST,2017Q4
2018-01-01,Estonia,115.17,Histórico,EST,2018Q1
2018-04-01,Estonia,116.43,Histórico,EST,2018Q2
2018-07-01,Estonia,116.71,Histórico,EST,2018Q3
2018-10-01,Estonia,119.96,Histórico,EST,2018Q4
2019-01-01,Estonia,121.99,Histórico,EST,2019Q1
2019-04-01,Estonia,123.14,Histórico,EST,2019Q2
2019-07-01,Estonia,126.16,Histórico,EST,2019Q3
2019-10-01,Estonia,129.79,Histórico,EST,2019Q4
2020-01-01,Estonia,135.98,Histórico,EST,2020Q1
2020-04-01,Estonia,128.1,Histórico,EST,2020Q2
2020-07-01,Estonia,131.08,Histórico,EST,2020Q3
2020-10-01,Estonia,136.01,Histórico,EST,2020Q4
2021-01-01,Estonia,144.93,Histórico,EST,2021Q1
2021-04-01,Estonia,148.69,Histórico,EST,2021Q2
2021-07-01,Estonia,153.71,Histórico,EST,2021Q3
2021-10-01,Estonia,163.78,Histórico,EST,2021Q4
2022-01-01,Estonia,175.37,Histórico,EST,2022Q1
2022-04-01,Estonia,189.36,Histórico,EST,2022Q2
2022-07-01,Estonia,190.94,Histórico,EST,2022Q3
2022-10-01,Estonia,191.38,Histórico,EST,2022Q4
2023-01-01,Estonia,191.43,Histórico,EST,2023Q1
2023-04-01,Estonia,198.79,Histórico,EST,2023Q2
2023-07-01,Estonia,198.26,Histórico,EST,2023Q3
2023-10-01,Estonia,202.4,Histórico,EST,2023Q4
2024-01-01,Estonia,206.38,Histórico,EST,2024Q1
2024-04-01,Estonia,212.1,Histórico,EST,2024Q2
2024-07-01,Estonia,211.03,Histórico,EST,2024Q3
2024-10-01,Estonia,209.64,Histórico,EST,2024Q4
2025-01-01,Estonia,215.9,Histórico,EST,2025Q1
2025-04-01,Estonia,223.74,Histórico,EST,2025Q2
2025-07-01,Estonia,221.98,Histórico,EST,2025Q3
2015-01-01,Finlandia,99.49,Histórico,FIN,2015Q1
2015-04-01,Finlandia,100.43,Histórico,FIN,2015Q2
2015-07-01,Finlandia,100.28,Histórico,FIN,2015Q3
2015-10-01,Finlandia,99.8,Histórico,FIN,2015Q4
2016-01-01,Finlandia,100.52,Histórico,FIN,2016Q1
2016-04-01,Finlandia,101.61,Histórico,FIN,2016Q2
2016-07-01,Finlandia,101.93,Histórico,FIN,2016Q3
2016-10-01,Finlandia,101.08,Histórico,FIN,2016Q4
2017-01-01,Finlandia,101.7,Histórico,FIN,2017Q1
2017-04-01,Finlandia,103.22,Histórico,FIN,2017Q2
2017-07-01,Finlandia,102.51,Histórico,FIN,2017Q3
2017-10-01,Finlandia,102.12,Histórico,FIN,2017Q4
2018-01-01,Finlandia,102.74,Histórico,FIN,2018Q1
2018-04-01,Finlandia,103.96,Histórico,FIN,2018Q2
2018-07-01,Finlandia,103.49,Histórico,FIN,2018Q3
2018-10-01,Finlandia,103.15,Histórico,FIN,2018Q4
2019-01-01,Finlandia,103.09,Histórico,FIN,2019Q1
2019-04-01,Finlandia,104.68,Histórico,FIN,2019Q2
2019-07-01,Finlandia,104.02,Histórico,FIN,2019Q3
2019-10-01,Finlandia,103.29,Histórico,FIN,2019Q4
2020-01-01,Finlandia,104.28,Histórico,FIN,2020Q1
2020-04-01,Finlandia,105.36,Histórico,FIN,2020Q2
2020-07-01,Finlandia,105.79,Histórico,FIN,2020Q3
2020-10-01,Finlandia,106.95,Histórico,FIN,2020Q4
2021-01-01,Finlandia,108.58,Histórico,FIN,2021Q1
2021-04-01,Finlandia,111.19,Histórico,FIN,2021Q2
2021-07-01,Finlandia,110.93,Histórico,FIN,2021Q3
2021-10-01,Finlandia,111.12,Histórico,FIN,2021Q4
2022-01-01,Finlandia,111.85,Histórico,FIN,2022Q1
2022-04-01,Finlandia,113.46,Histórico,FIN,2022Q2
2022-07-01,Finlandia,112.24,Histórico,FIN,2022Q3
2022-10-01,Finlandia,108.51,Histórico,FIN,2022Q4
2023-01-01,Finlandia,105.75,Histórico,FIN,2023Q1
2023-04-01,Finlandia,106.58,Histórico,FIN,2023Q2
2023-07-01,Finlandia,103.51,Histórico,FIN,2023Q3
2023-10-01,Finlandia,102.48,Histórico,FIN,2023Q4
2024-01-01,Finlandia,101.5,Histórico,FIN,2024Q1
2024-04-01,Finlandia,101.85,Histórico,FIN,2024Q2
2024-07-01,Finlandia,101.45,Histórico,FIN,2024Q3
2024-10-01,Finlandia,100.59,Histórico,FIN,2024Q4
2025-01-01,Finlandia,99.56,Histórico,FIN,2025Q1
2025-04-01,Finlandia,100.5,Histórico,FIN,2025Q2
2025-07-01,Finlandia,97.95,Histórico,FIN,2025Q3
2015-01-01,Francia,99.38,Histórico,FRA,2015Q1
2015-04-01,Francia,99.55,Histórico,FRA,2015Q2
2015-07-01,Francia,100.92,Histórico,FRA,2015Q3
2015-10-01,Francia,100.15,Histórico,FRA,2015Q4
2016-01-01,Francia,99.73,Histórico,FRA,2016Q1
2016-04-01,Francia,100.24,Histórico,FRA,2016Q2
2016-07-01,Francia,102.36,Histórico,FRA,2016Q3
2016-10-01,Francia,101.84,Histórico,FRA,2016Q4
2017-01-01,Francia,102.53,Histórico,FRA,2017Q1
2017-04-01,Francia,103.53,Histórico,FRA,2017Q2
2017-07-01,Francia,105.65,Histórico,FRA,2017Q3
2017-10-01,Francia,105.24,Histórico,FRA,2017Q4
2018-01-01,Francia,105.51,Histórico,FRA,2018Q1
2018-04-01,Francia,106.42,Histórico,FRA,2018Q2
2018-07-01,Francia,108.65,Histórico,FRA,2018Q3
2018-10-01,Francia,108.58,Histórico,FRA,2018Q4
2019-01-01,Francia,108.55,Histórico,FRA,2019Q1
2019-04-01,Francia,109.85,Histórico,FRA,2019Q2
2019-07-01,Francia,112.33,Histórico,FRA,2019Q3
2019-10-01,Francia,112.69,Histórico,FRA,2019Q4
2020-01-01,Francia,113.87,Histórico,FRA,2020Q1
2020-04-01,Francia,115.52,Histórico,FRA,2020Q2
2020-07-01,Francia,117.8,Histórico,FRA,2020Q3
2020-10-01,Francia,119.27,Histórico,FRA,2020Q4
2021-01-01,Francia,120.15,Histórico,FRA,2021Q1
2021-04-01,Francia,122.12,Histórico,FRA,2021Q2
2021-07-01,Francia,126.11,Histórico,FRA,2021Q3
2021-10-01,Francia,127.52,Histórico,FRA,2021Q4
2022-01-01,Francia,128.6,Histórico,FRA,2022Q1
2022-04-01,Francia,130.83,Histórico,FRA,2022Q2
2022-07-01,Francia,134.34,Histórico,FRA,2022Q3
2022-10-01,Francia,133.5,Histórico,FRA,2022Q4
2023-01-01,Francia,132.32,Histórico,FRA,2023Q1
2023-04-01,Francia,131.72,Histórico,FRA,2023Q2
2023-07-01,Francia,132.25,Histórico,FRA,2023Q3
2023-10-01,Francia,128.73,Histórico,FRA,2023Q4
2024-01-01,Francia,125.96,Histórico,FRA,2024Q1
2024-04-01,Francia,125.68,Histórico,FRA,2024Q2
2024-07-01,Francia,127.64,Histórico,FRA,2024Q3
2024-10-01,Francia,126.28,Histórico,FRA,2024Q4
2025-01-01,Francia,126.54,Histórico,FRA,2025Q1
2025-04-01,Francia,126.54,Histórico,FRA,2025Q2
2025-07-01,Francia,128.48,Histórico,FRA,2025Q3
2015-01-01,Hungría,93.6,Histórico,HUN,2015Q1
2015-04-01,Hungría,98.69,Histórico,HUN,2015Q2
2015-07-01,Hungría,103.06,Histórico,HUN,2015Q3
2015-10-01,Hungría,104.65,Histórico,HUN,2015Q4
2016-01-01,Hungría,109.39,Histórico,HUN,2016Q1
2016-04-01,Hungría,111.97,Histórico,HUN,2016Q2
2016-07-01,Hungría,115.2,Histórico,HUN,2016Q3
2016-10-01,Hungría,116.95,Histórico,HUN,2016Q4
2017-01-01,Hungría,122.24,Histórico,HUN,2017Q1
2017-04-01,Hungría,125.48,Histórico,HUN,2017Q2
2017-07-01,Hungría,129.28,Histórico,HUN,2017Q3
2017-10-01,Hungría,131.96,Histórico,HUN,2017Q4
2018-01-01,Hungría,138.65,Histórico,HUN,2018Q1
2018-04-01,Hungría,142.52,Histórico,HUN,2018Q2
2018-07-01,Hungría,148.49,Histórico,HUN,2018Q3
2018-10-01,Hungría,152.32,Histórico,HUN,2018Q4
2019-01-01,Hungría,165.03,Histórico,HUN,2019Q1
2019-04-01,Hungría,170.54,Histórico,HUN,2019Q2
2019-07-01,Hungría,173.22,Histórico,HUN,2019Q3
2019-10-01,Hungría,171.88,Histórico,HUN,2019Q4
2020-01-01,Hungría,178.74,Histórico,HUN,2020Q1
2020-04-01,Hungría,174.9,Histórico,HUN,2020Q2
2020-07-01,Hungría,181.59,Histórico,HUN,2020Q3
2020-10-01,Hungría,179.08,Histórico,HUN,2020Q4
2021-01-01,Hungría,195.95,Histórico,HUN,2021Q1
2021-04-01,Hungría,204.4,Histórico,HUN,2021Q2
2021-07-01,Hungría,211.94,Histórico,HUN,2021Q3
2021-10-01,Hungría,219.86,Histórico,HUN,2021Q4
2022-01-01,Hungría,241.42,Histórico,HUN,2022Q1
2022-04-01,Hungría,255.23,Histórico,HUN,2022Q2
2022-07-01,Hungría,262.98,Histórico,HUN,2022Q3
2022-10-01,Hungría,258.43,Histórico,HUN,2022Q4
2023-01-01,Hungría,268.81,Histórico,HUN,2023Q1
2023-04-01,Hungría,271.54,Histórico,HUN,2023Q2
2023-07-01,Hungría,272.63,Histórico,HUN,2023Q3
2023-10-01,Hungría,277.19,Histórico,HUN,2023Q4
2024-01-01,Hungría,300.99,Histórico,HUN,2024Q1
2024-04-01,Hungría,306.51,Histórico,HUN,2024Q2
2024-07-01,Hungría,309.83,Histórico,HUN,2024Q3
2024-10-01,Hungría,322.11,Histórico,HUN,2024Q4
2025-01-01,Hungría,352.26,Histórico,HUN,2025Q1
2025-04-01,Hungría,349.03,Histórico,HUN,2025Q2
2025-07-01,Hungría,374.69,Histórico,HUN,2025Q3
2015-01-01,Irlanda,96.43,Histórico,IRL,2015Q1
2015-04-01,Irlanda,98.6,Histórico,IRL,2015Q2
2015-07-01,Irlanda,101.73,Histórico,IRL,2015Q3
2015-10-01,Irlanda,103.25,Histórico,IRL,2015Q4
2016-01-01,Irlanda,103.67,Histórico,IRL,2016Q1
2016-04-01,Irlanda,104.79,Histórico,IRL,2016Q2
2016-07-01,Irlanda,109.33,Histórico,IRL,2016Q3
2016-10-01,Irlanda,112.06,Histórico,IRL,2016Q4
2017-01-01,Irlanda,113.36,Histórico,IRL,2017Q1
2017-04-01,Irlanda,115.86,Histórico,IRL,2017Q2
2017-07-01,Irlanda,122.18,Histórico,IRL,2017Q3
2017-10-01,Irlanda,125.15,Histórico,IRL,2017Q4
2018-01-01,Irlanda,127.34,Histórico,IRL,2018Q1
2018-04-01,Irlanda,130.44,Histórico,IRL,2018Q2
2018-07-01,Irlanda,133.31,Histórico,IRL,2018Q3
2018-10-01,Irlanda,134.23,Histórico,IRL,2018Q4
2019-01-01,Irlanda,132.98,Histórico,IRL,2019Q1
2019-04-01,Irlanda,133.7,Histórico,IRL,2019Q2
2019-07-01,Irlanda,135.63,Histórico,IRL,2019Q3
2019-10-01,Irlanda,135.32,Histórico,IRL,2019Q4
2020-01-01,Irlanda,134.3,Histórico,IRL,2020Q1
2020-04-01,Irlanda,134.15,Histórico,IRL,2020Q2
2020-07-01,Irlanda,134.55,Histórico,IRL,2020Q3
2020-10-01,Irlanda,136.28,Histórico,IRL,2020Q4
2021-01-01,Irlanda,138.34,Histórico,IRL,2021Q1
2021-04-01,Irlanda,141.65,Histórico,IRL,2021Q2
2021-07-01,Irlanda,148.81,Histórico,IRL,2021Q3
2021-10-01,Irlanda,155.1,Histórico,IRL,2021Q4
2022-01-01,Irlanda,159.07,Histórico,IRL,2022Q1
2022-04-01,Irlanda,161.89,Histórico,IRL,2022Q2
2022-07-01,Irlanda,166.47,Histórico,IRL,2022Q3
2022-10-01,Irlanda,168.41,Histórico,IRL,2022Q4
2023-01-01,Irlanda,167.16,Histórico,IRL,2023Q1
2023-04-01,Irlanda,166.3,Histórico,IRL,2023Q2
2023-07-01,Irlanda,168.79,Histórico,IRL,2023Q3
2023-10-01,Irlanda,173.69,Histórico,IRL,2023Q4
2024-01-01,Irlanda,177.7,Histórico,IRL,2024Q1
2024-04-01,Irlanda,180.34,Histórico,IRL,2024Q2
2024-07-01,Irlanda,185.5,Histórico,IRL,2024Q3
2024-10-01,Irlanda,189.97,Histórico,IRL,2024Q4
2025-01-01,Irlanda,191.83,Histórico,IRL,2025Q1
2025-04-01,Irlanda,194.34,Histórico,IRL,2025Q2
2025-07-01,Irlanda,199.36,Histórico,IRL,2025Q3
2015-01-01,Italia,99.7,Histórico,ITA,2015Q1
2015-04-01,Italia,99.8,Histórico,ITA,2015Q2
2015-07-01,Italia,100.7,Histórico,ITA,2015Q3
2015-10-01,Italia,99.8,Histórico,ITA,2015Q4
2016-01-01,Italia,99.8,Histórico,ITA,2016Q1
2016-04-01,Italia,100.5,Histórico,ITA,2016Q2
2016-07-01,Italia,100.7,Histórico,ITA,2016Q3
2016-10-01,Italia,100.0,Histórico,ITA,2016Q4
2017-01-01,Italia,99.1,Histórico,ITA,2017Q1
2017-04-01,Italia,99.6,Histórico,ITA,2017Q2
2017-07-01,Italia,99.2,Histórico,ITA,2017Q3
2017-10-01,Italia,98.8,Histórico,ITA,2017Q4
2018-01-01,Italia,98.6,Histórico,ITA,2018Q1
2018-04-01,Italia,99.2,Histórico,ITA,2018Q2
2018-07-01,Italia,98.4,Histórico,ITA,2018Q3
2018-10-01,Italia,98.3,Histórico,ITA,2018Q4
2019-01-01,Italia,97.7,Histórico,ITA,2019Q1
2019-04-01,Italia,99.1,Histórico,ITA,2019Q2
2019-07-01,Italia,98.8,Histórico,ITA,2019Q3
2019-10-01,Italia,98.5,Histórico,ITA,2019Q4
2020-01-01,Italia,99.4,Histórico,ITA,2020Q1
2020-04-01,Italia,102.4,Histórico,ITA,2020Q2
2020-07-01,Italia,99.8,Histórico,ITA,2020Q3
2020-10-01,Italia,100.0,Histórico,ITA,2020Q4
2021-01-01,Italia,101.1,Histórico,ITA,2021Q1
2021-04-01,Italia,102.8,Histórico,ITA,2021Q2
2021-07-01,Italia,103.9,Histórico,ITA,2021Q3
2021-10-01,Italia,104.0,Histórico,ITA,2021Q4
2022-01-01,Italia,105.7,Histórico,ITA,2022Q1
2022-04-01,Italia,108.1,Histórico,ITA,2022Q2
2022-07-01,Italia,106.9,Histórico,ITA,2022Q3
2022-10-01,Italia,106.8,Histórico,ITA,2022Q4
2023-01-01,Italia,106.8,Histórico,ITA,2023Q1
2023-04-01,Italia,108.8,Histórico,ITA,2023Q2
2023-07-01,Italia,108.7,Histórico,ITA,2023Q3
2023-10-01,Italia,108.7,Histórico,ITA,2023Q4
2024-01-01,Italia,108.5,Histórico,ITA,2024Q1
2024-04-01,Italia,112.0,Histórico,ITA,2024Q2
2024-07-01,Italia,112.8,Histórico,ITA,2024Q3
2024-10-01,Italia,113.5,Histórico,ITA,2024Q4
2025-01-01,Italia,113.3,Histórico,ITA,2025Q1
2025-04-01,Italia,116.4,Histórico,ITA,2025Q2
2025-07-01,Italia,117.0,Histórico,ITA,2025Q3
2015-01-01,Letonia,96.63,Histórico,LVA,2015Q1
2015-04-01,Letonia,100.06,Histórico,LVA,2015Q2
2015-07-01,Letonia,100.4,Histórico,LVA,2015Q3
2015-10-01,Letonia,102.91,Histórico,LVA,2015Q4
2016-01-01,Letonia,103.49,Histórico,LVA,2016Q1
2016-04-01,Letonia,109.52,Histórico,LVA,2016Q2
2016-07-01,Letonia,110.04,Histórico,LVA,2016Q3
2016-10-01,Letonia,110.9,Histórico,LVA,2016Q4
2017-01-01,Letonia,113.11,Histórico,LVA,2017Q1
2017-04-01,Letonia,119.53,Histórico,LVA,2017Q2
2017-07-01,Letonia,119.72,Histórico,LVA,2017Q3
2017-10-01,Letonia,119.69,Histórico,LVA,2017Q4
2018-01-01,Letonia,126.02,Histórico,LVA,2018Q1
2018-04-01,Letonia,129.91,Histórico,LVA,2018Q2
2018-07-01,Letonia,128.34,Histórico,LVA,2018Q3
2018-10-01,Letonia,132.93,Histórico,LVA,2018Q4
2019-01-01,Letonia,134.04,Histórico,LVA,2019Q1
2019-04-01,Letonia,140.19,Histórico,LVA,2019Q2
2019-07-01,Letonia,144.58,Histórico,LVA,2019Q3
2019-10-01,Letonia,144.69,Histórico,LVA,2019Q4
2020-01-01,Letonia,145.77,Histórico,LVA,2020Q1
2020-04-01,Letonia,142.3,Histórico,LVA,2020Q2
2020-07-01,Letonia,147.08,Histórico,LVA,2020Q3
2020-10-01,Letonia,147.92,Histórico,LVA,2020Q4
2021-01-01,Letonia,149.97,Histórico,LVA,2021Q1
2021-04-01,Letonia,159.51,Histórico,LVA,2021Q2
2021-07-01,Letonia,165.31,Histórico,LVA,2021Q3
2021-10-01,Letonia,171.79,Histórico,LVA,2021Q4
2022-01-01,Letonia,176.06,Histórico,LVA,2022Q1
2022-04-01,Letonia,185.56,Histórico,LVA,2022Q2
2022-07-01,Letonia,187.79,Histórico,LVA,2022Q3
2022-10-01,Letonia,186.61,Histórico,LVA,2022Q4
2023-01-01,Letonia,186.4,Histórico,LVA,2023Q1
2023-04-01,Letonia,195.54,Histórico,LVA,2023Q2
2023-07-01,Letonia,193.46,Histórico,LVA,2023Q3
2023-10-01,Letonia,188.14,Histórico,LVA,2023Q4
2024-01-01,Letonia,193.14,Histórico,LVA,2024Q1
2024-04-01,Letonia,196.94,Histórico,LVA,2024Q2
2024-07-01,Letonia,203.62,Histórico,LVA,2024Q3
2024-10-01,Letonia,201.9,Histórico,LVA,2024Q4
2025-01-01,Letonia,203.64,Histórico,LVA,2025Q1
2025-04-01,Letonia,209.67,Histórico,LVA,2025Q2
2025-07-01,Letonia,219.79,Histórico,LVA,2025Q3
2015-01-01,Lituania,97.49,Histórico,LTU,2015Q1
2015-04-01,Lituania,100.49,Histórico,LTU,2015Q2
2015-07-01,Lituania,102.07,Histórico,LTU,2015Q3
2015-10-01,Lituania,99.95,Histórico,LTU,2015Q4
2016-01-01,Lituania,100.78,Histórico,LTU,2016Q1
2016-04-01,Lituania,103.91,Histórico,LTU,2016Q2
2016-07-01,Lituania,107.48,Histórico,LTU,2016Q3
2016-10-01,Lituania,109.43,Histórico,LTU,2016Q4
2017-01-01,Lituania,111.07,Histórico,LTU,2017Q1
2017-04-01,Lituania,114.52,Histórico,LTU,2017Q2
2017-07-01,Lituania,116.66,Histórico,LTU,2017Q3
2017-10-01,Lituania,116.94,Histórico,LTU,2017Q4
2018-01-01,Lituania,119.78,Histórico,LTU,2018Q1
2018-04-01,Lituania,123.0,Histórico,LTU,2018Q2
2018-07-01,Lituania,124.35,Histórico,LTU,2018Q3
2018-10-01,Lituania,125.59,Histórico,LTU,2018Q4
2019-01-01,Lituania,129.2,Histórico,LTU,2019Q1
2019-04-01,Lituania,131.11,Histórico,LTU,2019Q2
2019-07-01,Lituania,132.36,Histórico,LTU,2019Q3
2019-10-01,Lituania,133.77,Histórico,LTU,2019Q4
2020-01-01,Lituania,137.26,Histórico,LTU,2020Q1
2020-04-01,Lituania,140.25,Histórico,LTU,2020Q2
2020-07-01,Lituania,140.85,Histórico,LTU,2020Q3
2020-10-01,Lituania,146.35,Histórico,LTU,2020Q4
2021-01-01,Lituania,153.69,Histórico,LTU,2021Q1
2021-04-01,Lituania,158.87,Histórico,LTU,2021Q2
2021-07-01,Lituania,167.44,Histórico,LTU,2021Q3
2021-10-01,Lituania,175.36,Histórico,LTU,2021Q4
2022-01-01,Lituania,183.12,Histórico,LTU,2022Q1
2022-04-01,Lituania,193.91,Histórico,LTU,2022Q2
2022-07-01,Lituania,199.7,Histórico,LTU,2022Q3
2022-10-01,Lituania,203.46,Histórico,LTU,2022Q4
2023-01-01,Lituania,207.18,Histórico,LTU,2023Q1
2023-04-01,Lituania,212.05,Histórico,LTU,2023Q2
2023-07-01,Lituania,217.15,Histórico,LTU,2023Q3
2023-10-01,Lituania,220.4,Histórico,LTU,2023Q4
2024-01-01,Lituania,227.7,Histórico,LTU,2024Q1
2024-04-01,Lituania,234.01,Histórico,LTU,2024Q2
2024-07-01,Lituania,236.4,Histórico,LTU,2024Q3
2024-10-01,Lituania,241.98,Histórico,LTU,2024Q4
2025-01-01,Lituania,247.69,Histórico,LTU,2025Q1
2025-04-01,Lituania,254.53,Histórico,LTU,2025Q2
2025-07-01,Lituania,262.01,Histórico,LTU,2025Q3
2015-01-01,Luxemburgo,97.8,Histórico,LUX,2015Q1
2015-04-01,Luxemburgo,99.87,Histórico,LUX,2015Q2
2015-07-01,Luxemburgo,101.27,Histórico,LUX,2015Q3
2015-10-01,Luxemburgo,101.06,Histórico,LUX,2015Q4
2016-01-01,Luxemburgo,102.64,Histórico,LUX,2016Q1
2016-04-01,Luxemburgo,105.44,Histórico,LUX,2016Q2
2016-07-01,Luxemburgo,107.02,Histórico,LUX,2016Q3
2016-10-01,Luxemburgo,108.92,Histórico,LUX,2016Q4
2017-01-01,Luxemburgo,109.84,Histórico,LUX,2017Q1
2017-04-01,Luxemburgo,112.21,Histórico,LUX,2017Q2
2017-07-01,Luxemburgo,112.28,Histórico,LUX,2017Q3
2017-10-01,Luxemburgo,113.5,Histórico,LUX,2017Q4
2018-01-01,Luxemburgo,116.84,Histórico,LUX,2018Q1
2018-04-01,Luxemburgo,117.9,Histórico,LUX,2018Q2
2018-07-01,Luxemburgo,120.78,Histórico,LUX,2018Q3
2018-10-01,Luxemburgo,123.92,Histórico,LUX,2018Q4
2019-01-01,Luxemburgo,125.0,Histórico,LUX,2019Q1
2019-04-01,Luxemburgo,131.35,Histórico,LUX,2019Q2
2019-07-01,Luxemburgo,134.41,Histórico,LUX,2019Q3
2019-10-01,Luxemburgo,137.19,Histórico,LUX,2019Q4
2020-01-01,Luxemburgo,142.67,Histórico,LUX,2020Q1
2020-04-01,Luxemburgo,148.74,Histórico,LUX,2020Q2
2020-07-01,Luxemburgo,152.97,Histórico,LUX,2020Q3
2020-10-01,Luxemburgo,160.08,Histórico,LUX,2020Q4
2021-01-01,Luxemburgo,167.17,Histórico,LUX,2021Q1
2021-04-01,Luxemburgo,168.74,Histórico,LUX,2021Q2
2021-07-01,Luxemburgo,173.22,Histórico,LUX,2021Q3
2021-10-01,Luxemburgo,179.48,Histórico,LUX,2021Q4
2022-01-01,Luxemburgo,184.34,Histórico,LUX,2022Q1
2022-04-01,Luxemburgo,188.4,Histórico,LUX,2022Q2
2022-07-01,Luxemburgo,192.3,Histórico,LUX,2022Q3
2022-10-01,Luxemburgo,189.35,Histórico,LUX,2022Q4
2023-01-01,Luxemburgo,181.2,Histórico,LUX,2023Q1
2023-04-01,Luxemburgo,177.25,Histórico,LUX,2023Q2
2023-07-01,Luxemburgo,165.52,Histórico,LUX,2023Q3
2023-10-01,Luxemburgo,161.96,Histórico,LUX,2023Q4
2024-01-01,Luxemburgo,160.9,Histórico,LUX,2024Q1
2024-04-01,Luxemburgo,162.41,Histórico,LUX,2024Q2
2024-07-01,Luxemburgo,162.44,Histórico,LUX,2024Q3
2024-10-01,Luxemburgo,164.25,Histórico,LUX,2024Q4
2025-01-01,Luxemburgo,162.54,Histórico,LUX,2025Q1
2025-04-01,Luxemburgo,169.75,Histórico,LUX,2025Q2
2025-07-01,Luxemburgo,163.78,Histórico,LUX,2025Q3
2015-01-01,Malta,95.3,Histórico,MLT,2015Q1
2015-04-01,Malta,96.07,Histórico,MLT,2015Q2
2015-07-01,Malta,102.72,Histórico,MLT,2015Q3
2015-10-01,Malta,105.92,Histórico,MLT,2015Q4
2016-01-01,Malta,100.29,Histórico,MLT,2016Q1
2016-04-01,Malta,102.78,Histórico,MLT,2016Q2
2016-07-01,Malta,107.62,Histórico,MLT,2016Q3
2016-10-01,Malta,111.12,Histórico,MLT,2016Q4
2017-01-01,Malta,105.61,Histórico,MLT,2017Q1
2017-04-01,Malta,108.88,Histórico,MLT,2017Q2
2017-07-01,Malta,113.02,Histórico,MLT,2017Q3
2017-10-01,Malta,116.59,Histórico,MLT,2017Q4
2018-01-01,Malta,111.25,Histórico,MLT,2018Q1
2018-04-01,Malta,115.49,Histórico,MLT,2018Q2
2018-07-01,Malta,119.27,Histórico,MLT,2018Q3
2018-10-01,Malta,123.77,Histórico,MLT,2018Q4
2019-01-01,Malta,118.53,Histórico,MLT,2019Q1
2019-04-01,Malta,122.76,Histórico,MLT,2019Q2
2019-07-01,Malta,126.44,Histórico,MLT,2019Q3
2019-10-01,Malta,130.86,Histórico,MLT,2019Q4
2020-01-01,Malta,125.06,Histórico,MLT,2020Q1
2020-04-01,Malta,127.57,Histórico,MLT,2020Q2
2020-07-01,Malta,129.81,Histórico,MLT,2020Q3
2020-10-01,Malta,133.01,Histórico,MLT,2020Q4
2021-01-01,Malta,130.82,Histórico,MLT,2021Q1
2021-04-01,Malta,134.42,Histórico,MLT,2021Q2
2021-07-01,Malta,137.52,Histórico,MLT,2021Q3
2021-10-01,Malta,138.99,Histórico,MLT,2021Q4
2022-01-01,Malta,139.69,Histórico,MLT,2022Q1
2022-04-01,Malta,144.63,Histórico,MLT,2022Q2
2022-07-01,Malta,146.23,Histórico,MLT,2022Q3
2022-10-01,Malta,147.24,Histórico,MLT,2022Q4
2023-01-01,Malta,149.89,Histórico,MLT,2023Q1
2023-04-01,Malta,152.24,Histórico,MLT,2023Q2
2023-07-01,Malta,154.51,Histórico,MLT,2023Q3
2023-10-01,Malta,157.05,Histórico,MLT,2023Q4
2024-01-01,Malta,159.98,Histórico,MLT,2024Q1
2024-04-01,Malta,162.74,Histórico,MLT,2024Q2
2024-07-01,Malta,165.26,Histórico,MLT,2024Q3
2024-10-01,Malta,167.1,Histórico,MLT,2024Q4
2025-01-01,Malta,169.46,Histórico,MLT,2025Q1
2025-04-01,Malta,171.92,Histórico,MLT,2025Q2
2025-07-01,Malta,175.11,Histórico,MLT,2025Q3
2015-01-01,Países Bajos,98.29,Histórico,NLD,2015Q1
2015-04-01,Países Bajos,99.2,Histórico,NLD,2015Q2
2015-07-01,Países Bajos,101.02,Histórico,NLD,2015Q3
2015-10-01,Países Bajos,101.5,Histórico,NLD,2015Q4
2016-01-01,Países Bajos,102.52,Histórico,NLD,2016Q1
2016-04-01,Países Bajos,104.03,Histórico,NLD,2016Q2
2016-07-01,Países Bajos,106.58,Histórico,NLD,2016Q3
2016-10-01,Países Bajos,108.03,Histórico,NLD,2016Q4
2017-01-01,Países Bajos,110.2,Histórico,NLD,2017Q1
2017-04-01,Países Bajos,112.06,Histórico,NLD,2017Q2
2017-07-01,Países Bajos,115.22,Histórico,NLD,2017Q3
2017-10-01,Países Bajos,117.74,Histórico,NLD,2017Q4
2018-01-01,Países Bajos,120.32,Histórico,NLD,2018Q1
2018-04-01,Países Bajos,122.64,Histórico,NLD,2018Q2
2018-07-01,Países Bajos,126.45,Histórico,NLD,2018Q3
2018-10-01,Países Bajos,128.2,Histórico,NLD,2018Q4
2019-01-01,Países Bajos,130.34,Histórico,NLD,2019Q1
2019-04-01,Países Bajos,132.15,Histórico,NLD,2019Q2
2019-07-01,Países Bajos,134.49,Histórico,NLD,2019Q3
2019-10-01,Países Bajos,136.54,Histórico,NLD,2019Q4
2020-01-01,Países Bajos,139.3,Histórico,NLD,2020Q1
2020-04-01,Países Bajos,142.6,Histórico,NLD,2020Q2
2020-07-01,Países Bajos,146.0,Histórico,NLD,2020Q3
2020-10-01,Países Bajos,148.37,Histórico,NLD,2020Q4
2021-01-01,Países Bajos,153.72,Histórico,NLD,2021Q1
2021-04-01,Países Bajos,160.55,Histórico,NLD,2021Q2
2021-07-01,Países Bajos,169.59,Histórico,NLD,2021Q3
2021-10-01,Países Bajos,175.9,Histórico,NLD,2021Q4
2022-01-01,Países Bajos,182.94,Histórico,NLD,2022Q1
2022-04-01,Países Bajos,188.58,Histórico,NLD,2022Q2
2022-07-01,Países Bajos,189.95,Histórico,NLD,2022Q3
2022-10-01,Países Bajos,185.89,Histórico,NLD,2022Q4
2023-01-01,Países Bajos,183.14,Histórico,NLD,2023Q1
2023-04-01,Países Bajos,180.92,Histórico,NLD,2023Q2
2023-07-01,Países Bajos,182.91,Histórico,NLD,2023Q3
2023-10-01,Países Bajos,186.07,Histórico,NLD,2023Q4
2024-01-01,Países Bajos,189.87,Histórico,NLD,2024Q1
2024-04-01,Países Bajos,194.81,Histórico,NLD,2024Q2
2024-07-01,Países Bajos,201.98,Histórico,NLD,2024Q3
2024-10-01,Países Bajos,206.31,Histórico,NLD,2024Q4
2025-01-01,Países Bajos,210.27,Histórico,NLD,2025Q1
2025-04-01,Países Bajos,213.35,Histórico,NLD,2025Q2
2025-07-01,Países Bajos,217.61,Histórico,NLD,2025Q3
2015-01-01,Polonia,99.06,Histórico,POL,2015Q1
2015-04-01,Polonia,100.43,Histórico,POL,2015Q2
2015-07-01,Polonia,100.63,Histórico,POL,2015Q3
2015-10-01,Polonia,99.88,Histórico,POL,2015Q4
2016-01-01,Polonia,100.0,Histórico,POL,2016Q1
2016-04-01,Polonia,100.84,Histórico,POL,2016Q2
2016-07-01,Polonia,102.73,Histórico,POL,2016Q3
2016-10-01,Polonia,103.86,Histórico,POL,2016Q4
2017-01-01,Polonia,103.33,Histórico,POL,2017Q1
2017-04-01,Polonia,105.44,Histórico,POL,2017Q2
2017-07-01,Polonia,106.5,Histórico,POL,2017Q3
2017-10-01,Polonia,107.86,Histórico,POL,2017Q4
2018-01-01,Polonia,109.48,Histórico,POL,2018Q1
2018-04-01,Polonia,111.95,Histórico,POL,2018Q2
2018-07-01,Polonia,113.43,Histórico,POL,2018Q3
2018-10-01,Polonia,116.11,Histórico,POL,2018Q4
2019-01-01,Polonia,118.34,Histórico,POL,2019Q1
2019-04-01,Polonia,121.1,Histórico,POL,2019Q2
2019-07-01,Polonia,123.59,Histórico,POL,2019Q3
2019-10-01,Polonia,127.06,Histórico,POL,2019Q4
2020-01-01,Polonia,131.66,Histórico,POL,2020Q1
2020-04-01,Polonia,134.31,Histórico,POL,2020Q2
2020-07-01,Polonia,137.06,Histórico,POL,2020Q3
2020-10-01,Polonia,138.42,Histórico,POL,2020Q4
2021-01-01,Polonia,141.16,Histórico,POL,2021Q1
2021-04-01,Polonia,145.5,Histórico,POL,2021Q2
2021-07-01,Polonia,149.28,Histórico,POL,2021Q3
2021-10-01,Polonia,155.15,Histórico,POL,2021Q4
2022-01-01,Polonia,160.3,Histórico,POL,2022Q1
2022-04-01,Polonia,163.5,Histórico,POL,2022Q2
2022-07-01,Polonia,167.38,Histórico,POL,2022Q3
2022-10-01,Polonia,169.64,Histórico,POL,2022Q4
2023-01-01,Polonia,169.52,Histórico,POL,2023Q1
2023-04-01,Polonia,175.0,Histórico,POL,2023Q2
2023-07-01,Polonia,182.88,Histórico,POL,2023Q3
2023-10-01,Polonia,191.72,Histórico,POL,2023Q4
2024-01-01,Polonia,200.04,Histórico,POL,2024Q1
2024-04-01,Polonia,205.92,Histórico,POL,2024Q2
2024-07-01,Polonia,209.2,Histórico,POL,2024Q3
2024-10-01,Polonia,211.65,Histórico,POL,2024Q4
2025-01-01,Polonia,213.2,Histórico,POL,2025Q1
2025-04-01,Polonia,215.66,Histórico,POL,2025Q2
2025-07-01,Polonia,217.54,Histórico,POL,2025Q3
2015-01-01,Portugal,96.94,Histórico,PRT,2015Q1
2015-04-01,Portugal,100.57,Histórico,PRT,2015Q2
2015-07-01,Portugal,100.65,Histórico,PRT,2015Q3
2015-10-01,Portugal,101.84,Histórico,PRT,2015Q4
2016-01-01,Portugal,103.67,Histórico,PRT,2016Q1
2016-04-01,Portugal,106.91,Histórico,PRT,2016Q2
2016-07-01,Portugal,108.31,Histórico,PRT,2016Q3
2016-10-01,Portugal,109.57,Histórico,PRT,2016Q4
2017-01-01,Portugal,111.89,Histórico,PRT,2017Q1
2017-04-01,Portugal,115.51,Histórico,PRT,2017Q2
2017-07-01,Portugal,119.6,Histórico,PRT,2017Q3
2017-10-01,Portugal,121.06,Histórico,PRT,2017Q4
2018-01-01,Portugal,125.58,Histórico,PRT,2018Q1
2018-04-01,Portugal,128.49,Histórico,PRT,2018Q2
2018-07-01,Portugal,129.72,Histórico,PRT,2018Q3
2018-10-01,Portugal,132.34,Histórico,PRT,2018Q4
2019-01-01,Portugal,137.14,Histórico,PRT,2019Q1
2019-04-01,Portugal,140.65,Histórico,PRT,2019Q2
2019-07-01,Portugal,143.67,Histórico,PRT,2019Q3
2019-10-01,Portugal,146.07,Histórico,PRT,2019Q4
2020-01-01,Portugal,151.67,Histórico,PRT,2020Q1
2020-04-01,Portugal,154.34,Histórico,PRT,2020Q2
2020-07-01,Portugal,153.61,Histórico,PRT,2020Q3
2020-10-01,Portugal,157.69,Histórico,PRT,2020Q4
2021-01-01,Portugal,161.7,Histórico,PRT,2021Q1
2021-04-01,Portugal,166.4,Histórico,PRT,2021Q2
2021-07-01,Portugal,171.3,Histórico,PRT,2021Q3
2021-10-01,Portugal,175.96,Histórico,PRT,2021Q4
2022-01-01,Portugal,182.64,Histórico,PRT,2022Q1
2022-04-01,Portugal,188.31,Histórico,PRT,2022Q2
2022-07-01,Portugal,193.82,Histórico,PRT,2022Q3
2022-10-01,Portugal,195.91,Histórico,PRT,2022Q4
2023-01-01,Portugal,198.55,Histórico,PRT,2023Q1
2023-04-01,Portugal,204.74,Histórico,PRT,2023Q2
2023-07-01,Portugal,208.48,Histórico,PRT,2023Q3
2023-10-01,Portugal,211.27,Histórico,PRT,2023Q4
2024-01-01,Portugal,212.45,Histórico,PRT,2024Q1
2024-04-01,Portugal,220.74,Histórico,PRT,2024Q2
2024-07-01,Portugal,228.89,Histórico,PRT,2024Q3
2024-10-01,Portugal,235.68,Histórico,PRT,2024Q4
2025-01-01,Portugal,247.05,Histórico,PRT,2025Q1
2025-04-01,Portugal,258.78,Histórico,PRT,2025Q2
2025-07-01,Portugal,269.35,Histórico,PRT,2025Q3
2015-01-01,Rumanía,101.01,Histórico,ROU,2015Q1
2015-04-01,Rumanía,99.76,Histórico,ROU,2015Q2
2015-07-01,Rumanía,98.87,Histórico,ROU,2015Q3
2015-10-01,Rumanía,100.36,Histórico,ROU,2015Q4
2016-01-01,Rumanía,103.65,Histórico,ROU,2016Q1
2016-04-01,Rumanía,106.59,Histórico,ROU,2016Q2
2016-07-01,Rumanía,105.86,Histórico,ROU,2016Q3
2016-10-01,Rumanía,107.7,Histórico,ROU,2016Q4
2017-01-01,Rumanía,108.96,Histórico,ROU,2017Q1
2017-04-01,Rumanía,114.27,Histórico,ROU,2017Q2
2017-07-01,Rumanía,112.44,Histórico,ROU,2017Q3
2017-10-01,Rumanía,113.75,Histórico,ROU,2017Q4
2018-01-01,Rumanía,116.1,Histórico,ROU,2018Q1
2018-04-01,Rumanía,119.66,Histórico,ROU,2018Q2
2018-07-01,Rumanía,118.88,Histórico,ROU,2018Q3
2018-10-01,Rumanía,119.83,Histórico,ROU,2018Q4
2019-01-01,Rumanía,119.91,Histórico,ROU,2019Q1
2019-04-01,Rumanía,121.79,Histórico,ROU,2019Q2
2019-07-01,Rumanía,123.57,Histórico,ROU,2019Q3
2019-10-01,Rumanía,125.49,Histórico,ROU,2019Q4
2020-01-01,Rumanía,129.62,Histórico,ROU,2020Q1
2020-04-01,Rumanía,129.77,Histórico,ROU,2020Q2
2020-07-01,Rumanía,126.38,Histórico,ROU,2020Q3
2020-10-01,Rumanía,127.97,Histórico,ROU,2020Q4
2021-01-01,Rumanía,131.45,Histórico,ROU,2021Q1
2021-04-01,Rumanía,133.61,Histórico,ROU,2021Q2
2021-07-01,Rumanía,133.78,Histórico,ROU,2021Q3
2021-10-01,Rumanía,137.51,Histórico,ROU,2021Q4
2022-01-01,Rumanía,139.82,Histórico,ROU,2022Q1
2022-04-01,Rumanía,144.94,Histórico,ROU,2022Q2
2022-07-01,Rumanía,143.2,Histórico,ROU,2022Q3
2022-10-01,Rumanía,146.83,Histórico,ROU,2022Q4
2023-01-01,Rumanía,146.28,Histórico,ROU,2023Q1
2023-04-01,Rumanía,145.14,Histórico,ROU,2023Q2
2023-07-01,Rumanía,150.02,Histórico,ROU,2023Q3
2023-10-01,Rumanía,152.28,Histórico,ROU,2023Q4
2024-01-01,Rumanía,154.26,Histórico,ROU,2024Q1
2024-04-01,Rumanía,155.06,Histórico,ROU,2024Q2
2024-07-01,Rumanía,155.86,Histórico,ROU,2024Q3
2024-10-01,Rumanía,158.36,Histórico,ROU,2024Q4
2025-01-01,Rumanía,161.75,Histórico,ROU,2025Q1
2025-04-01,Rumanía,162.38,Histórico,ROU,2025Q2
2025-07-01,Rumanía,166.14,Histórico,ROU,2025Q3
2015-01-01,Suecia,95.21,Histórico,SWE,2015Q1
2015-04-01,Suecia,98.37,Histórico,SWE,2015Q2
2015-07-01,Suecia,102.12,Histórico,SWE,2015Q3
2015-10-01,Suecia,104.3,Histórico,SWE,2015Q4
2016-01-01,Suecia,105.66,Histórico,SWE,2016Q1
2016-04-01,Suecia,106.9,Histórico,SWE,2016Q2
2016-07-01,Suecia,109.35,Histórico,SWE,2016Q3
2016-10-01,Suecia,111.06,Histórico,SWE,2016Q4
2017-01-01,Suecia,114.02,Histórico,SWE,2017Q1
2017-04-01,Suecia,115.97,Histórico,SWE,2017Q2
2017-07-01,Suecia,117.59,Histórico,SWE,2017Q3
2017-10-01,Suecia,114.13,Histórico,SWE,2017Q4
2018-01-01,Suecia,113.24,Histórico,SWE,2018Q1
2018-04-01,Suecia,114.04,Histórico,SWE,2018Q2
2018-07-01,Suecia,115.16,Histórico,SWE,2018Q3
2018-10-01,Suecia,114.96,Histórico,SWE,2018Q4
2019-01-01,Suecia,114.97,Histórico,SWE,2019Q1
2019-04-01,Suecia,116.51,Histórico,SWE,2019Q2
2019-07-01,Suecia,118.54,Histórico,SWE,2019Q3
2019-10-01,Suecia,118.73,Histórico,SWE,2019Q4
2020-01-01,Suecia,120.2,Histórico,SWE,2020Q1
2020-04-01,Suecia,120.3,Histórico,SWE,2020Q2
2020-07-01,Suecia,122.95,Histórico,SWE,2020Q3
2020-10-01,Suecia,124.99,Histórico,SWE,2020Q4
2021-01-01,Suecia,128.9,Histórico,SWE,2021Q1
2021-04-01,Suecia,133.44,Histórico,SWE,2021Q2
2021-07-01,Suecia,136.89,Histórico,SWE,2021Q3
2021-10-01,Suecia,138.62,Histórico,SWE,2021Q4
2022-01-01,Suecia,142.19,Histórico,SWE,2022Q1
2022-04-01,Suecia,142.86,Histórico,SWE,2022Q2
2022-07-01,Suecia,138.46,Histórico,SWE,2022Q3
2022-10-01,Suecia,133.49,Histórico,SWE,2022Q4
2023-01-01,Suecia,132.64,Histórico,SWE,2023Q1
2023-04-01,Suecia,133.21,Histórico,SWE,2023Q2
2023-07-01,Suecia,132.68,Histórico,SWE,2023Q3
2023-10-01,Suecia,129.68,Histórico,SWE,2023Q4
2024-01-01,Suecia,130.53,Histórico,SWE,2024Q1
2024-04-01,Suecia,132.19,Histórico,SWE,2024Q2
2024-07-01,Suecia,132.98,Histórico,SWE,2024Q3
2024-10-01,Suecia,132.43,Histórico,SWE,2024Q4
2025-01-01,Suecia,133.28,Histórico,SWE,2025Q1
2025-04-01,Suecia,132.96,Histórico,SWE,2025Q2
2025-07-01,Suecia,133.4,Histórico,SWE,2025Q3
2025-10-01,Alemania,155.62426065033168,Predicción,DEU,2025Q4
2025-10-01,Austria,169.79839892448106,Predicción,AUT,2025Q4
2025-10-01,Bulgaria,263.58819709987495,Predicción,BGR,2025Q4
2025-10-01,Bélgica,148.06947611281618,Predicción,BEL,2025Q4
2025-10-01,Chequia,255.41684701278047,Predicción,CZE,2025Q4
2025-10-01,Chipre,155.55793904995454,Predicción,CYP,2025Q4
2025-10-01,Croacia,236.54179191307873,Predicción,HRV,2025Q4
2025-10-01,Dinamarca,157.11806183090704,Predicción,DNK,2025Q4
2025-10-01,Eslovaquia,213.82299388525345,Predicción,SVK,2025Q4
2025-10-01,Eslovenia,210.59320368347468,Predicción,SVN,2025Q4
2025-10-01,España,189.06274644402606,Predicción,ESP,2025Q4
2025-10-01,Estonia,226.3316782955827,Predicción,EST,2025Q4
2025-10-01,Finlandia,97.63129064716321,Predicción,FIN,2025Q4
2025-10-01,Francia,129.55054958370187,Predicción,FRA,2025Q4
2025-10-01,Hungría,387.4197642866913,Predicción,HUN,2025Q4
2025-10-01,Irlanda,203.48089636633915,Predicción,IRL,2025Q4
2025-10-01,Italia,118.35325846145338,Predicción,ITA,2025Q4
2025-10-01,Letonia,224.02313975060247,Predicción,LVA,2025Q4
2025-10-01,Lituania,268.5564253875133,Predicción,LTU,2025Q4
2025-10-01,Luxemburgo,166.0315278356897,Predicción,LUX,2025Q4
2025-10-01,Malta,178.2462838128066,Predicción,MLT,2025Q4
2025-10-01,Países Bajos,222.33810488205347,Predicción,NLD,2025Q4
2025-10-01,Polonia,221.33895391378252,Predicción,POL,2025Q4
2025-10-01,Portugal,278.1347210728325,Predicción,PRT,2025Q4
2025-10-01,Rumanía,168.50027420343153,Predicción,ROU,2025Q4
2025-10-01,Suecia,134.189931650192,Predicción,SWE,2025Q4
2026-01-01,Alemania,157.4941560524862,Predicción,DEU,2026Q1
2026-01-01,Austria,171.78543808477679,Predicción,AUT,2026Q1
2026-01-01,Bulgaria,271.18628907595917,Predicción,BGR,2026Q1
2026-01-01,Bélgica,149.67307259603558,Predicción,BEL,2026Q1
2026-01-01,Chequia,261.658847321964,Predicción,CZE,2026Q1
2026-01-01,Chipre,158.57911042527127,Predicción,CYP,2026Q1
2026-01-01,Croacia,243.22321680227907,Predicción,HRV,2026Q1
2026-01-01,Dinamarca,159.8023781903968,Predicción,DNK,2026Q1
2026-01-01,Eslovaquia,218.90511409621558,Predicción,SVK,2026Q1
2026-01-01,Eslovenia,213.64942606492235,Predicción,SVN,2026Q1
2026-01-01,España,194.0824373900262,Predicción,ESP,2026Q1
2026-01-01,Estonia,230.75757531293465,Predicción,EST,2026Q1
2026-01-01,Finlandia,97.02360079918355,Predicción,FIN,2026Q1
2026-01-01,Francia,130.58199340745276,Predicción,FRA,2026Q1
2026-01-01,Hungría,400.05637427127897,Predicción,HUN,2026Q1
2026-01-01,Irlanda,207.26958103148206,Predicción,IRL,2026Q1
2026-01-01,Italia,119.4523792664072,Predicción,ITA,2026Q1
2026-01-01,Letonia,229.28121992492407,Predicción,LVA,2026Q1
2026-01-01,Lituania,275.01815184539635,Predicción,LTU,2026Q1
2026-01-01,Luxemburgo,167.8709706960434,Predicción,LUX,2026Q1
2026-01-01,Malta,181.22505340894824,Predicción,MLT,2026Q1
2026-01-01,Países Bajos,226.70859137370235,Predicción,NLD,2026Q1
2026-01-01,Polonia,224.84082079293876,Predicción,POL,2026Q1
2026-01-01,Portugal,287.0404159400214,Predicción,PRT,2026Q1
2026-01-01,Rumanía,170.4799108673704,Predicción,ROU,2026Q1
2026-01-01,Suecia,134.7242627588644,Predicción,SWE,2026Q1
2026-04-01,Alemania,160.1865418244812,Predicción,DEU,2026Q2
2026-04-01,Austria,174.5416892757631,Predicción,AUT,2026Q2
2026-04-01,Bulgaria,279.38573882582045,Predicción,BGR,2026Q2
2026-04-01,Bélgica,152.27888710876843,Predicción,BEL,2026Q2
2026-04-01,Chequia,268.8568423069701,Predicción,CZE,2026Q2
2026-04-01,Chipre,162.04231414914926,Predicción,CYP,2026Q2
2026-04-01,Croacia,250.28369401871663,Predicción,HRV,2026Q2
2026-04-01,Dinamarca,163.2175111084649,Predicción,DNK,2026Q2
2026-04-01,Eslovaquia,225.14083401546196,Predicción,SVK,2026Q2
2026-04-01,Eslovenia,218.16780047468595,Predicción,SVN,2026Q2
2026-04-01,España,199.72369511178238,Predicción,ESP,2026Q2
2026-04-01,Estonia,235.4789284368157,Predicción,EST,2026Q2
2026-04-01,Finlandia,97.2275893121897,Predicción,FIN,2026Q2
2026-04-01,Francia,132.57785637229978,Predicción,FRA,2026Q2
2026-04-01,Hungría,412.2674748431129,Predicción,HUN,2026Q2
2026-04-01,Irlanda,212.25981485111862,Predicción,IRL,2026Q2
2026-04-01,Italia,121.54530447897632,Predicción,ITA,2026Q2
2026-04-01,Letonia,235.91639731295652,Predicción,LVA,2026Q2
2026-04-01,Lituania,282.47516590777104,Predicción,LTU,2026Q2
2026-04-01,Luxemburgo,170.77808921289795,Predicción,LUX,2026Q2
2026-04-01,Malta,185.1445212551442,Predicción,MLT,2026Q2
2026-04-01,Países Bajos,232.03066209687,Predicción,NLD,2026Q2
2026-04-01,Polonia,229.45170334887223,Predicción,POL,2026Q2
2026-04-01,Portugal,296.4466301940255,Predicción,PRT,2026Q2
2026-04-01,Rumanía,173.12855725255108,Predicción,ROU,2026Q2
2026-04-01,Suecia,136.00763265310528,Predicción,SWE,2026Q2
2026-07-01,Alemania,162.85274970238228,Predicción,DEU,2026Q3
2026-07-01,Austria,177.23714809557555,Predicción,AUT,2026Q3
2026-07-01,Bulgaria,287.25545037769604,Predicción,BGR,2026Q3
2026-07-01,Bélgica,155.05386805386007,Predicción,BEL,2026Q3
2026-07-01,Chequia,275.8405102677941,Predicción,CZE,2026Q3
2026-07-01,Chipre,166.21943501765713,Predicción,CYP,2026Q3
2026-07-01,Croacia,256.81825652525185,Predicción,HRV,2026Q3
2026-07-01,Dinamarca,166.53201962104959,Predicción,DNK,2026Q3
2026-07-01,Eslovaquia,231.34406706060264,Predicción,SVK,2026Q3
2026-07-01,Eslovenia,222.06765301061722,Predicción,SVN,2026Q3
2026-07-01,España,204.93545794042308,Predicción,ESP,2026Q3
2026-07-01,Estonia,239.71356097182894,Predicción,EST,2026Q3
2026-07-01,Finlandia,97.11529939761064,Predicción,FIN,2026Q3
2026-07-01,Francia,134.65172815017283,Predicción,FRA,2026Q3
2026-07-01,Hungría,425.8430716789745,Predicción,HUN,2026Q3
2026-07-01,Irlanda,217.35670617999534,Predicción,IRL,2026Q3
2026-07-01,Italia,123.14919657731652,Predicción,ITA,2026Q3
2026-07-01,Letonia,242.25411515832477,Predicción,LVA,2026Q3
2026-07-01,Lituania,289.80264073203995,Predicción,LTU,2026Q3
2026-07-01,Luxemburgo,172.99041008203602,Predicción,LUX,2026Q3
2026-07-01,Malta,189.05516996394374,Predicción,MLT,2026Q3
2026-07-01,Países Bajos,237.46946440853048,Predicción,NLD,2026Q3
2026-07-01,Polonia,234.1790116589737,Predicción,POL,2026Q3
2026-07-01,Portugal,305.34486629612866,Predicción,PRT,2026Q3
2026-07-01,Rumanía,175.83442491817334,Predicción,ROU,2026Q3
2026-07-01,Suecia,137.3078259492372,Predicción,SWE,2026Q3
